{"cameraMode":{"drawMode":0,"name":"Shaded","section":"Shading Mode"},"sceneLighting":false,"audioPlay":false,"sceneViewState":{"m_AlwaysRefresh":false,"showFog":true,"showSkybox":true,"showFlares":true,"showImageEffects":true,"showParticleSystems":true,"showVisualEffectGraphs":true,"m_FxEnabled":true},"in2DMode":false,"pivot":{"x":-41.079586029052737,"y":0.21852540969848634,"z":-31.043622970581056},"rotation":{"x":0.042814601212739947,"y":-0.8492519855499268,"z":0.06970812380313873,"w":0.5216116905212402},"size":34.26634216308594,"orthographic":false}