{"cameraMode":{"drawMode":0,"name":"Shaded","section":"Shading Mode"},"sceneLighting":false,"audioPlay":false,"sceneViewState":{"m_AlwaysRefresh":false,"showFog":true,"showSkybox":true,"showFlares":true,"showImageEffects":true,"showParticleSystems":true,"showVisualEffectGraphs":true,"m_FxEnabled":true},"in2DMode":false,"pivot":{"x":-48.588645935058597,"y":-27.185083389282228,"z":-44.462310791015628},"rotation":{"x":0.09877597540616989,"y":-0.87779700756073,"z":0.20589856803417207,"w":0.42110076546669009},"size":53.299678802490237,"orthographic":false}