{"cameraMode":{"drawMode":0,"name":"Shaded","section":"Shading Mode"},"sceneLighting":true,"audioPlay":false,"sceneViewState":{"m_AlwaysRefresh":false,"showFog":true,"showSkybox":true,"showFlares":true,"showImageEffects":true,"showParticleSystems":true,"showVisualEffectGraphs":true,"m_FxEnabled":true},"in2DMode":false,"pivot":{"x":0.5486578941345215,"y":2.1290791034698488,"z":-2.6092751026153566},"rotation":{"x":0.1359197497367859,"y":0.04753515496850014,"z":-0.0065289451740682129,"w":0.9895583391189575},"size":2.3139355182647707,"orthographic":true}